Brand,RAM_GB,Storage_GB,Battery_mAh,Camera_MP,Year,Price_INR
Samsung,8,256,5048,64,2024,58564
Realme,12,256,5573,32,2022,53716
Oppo,12,64,5101,32,2021,48499
OnePlus,12,256,4985,16,2025,71895
OnePlus,16,256,4668,12,2025,76904
Realme,12,256,4112,50,2021,48787
Samsung,12,64,4202,200,2021,61045
Oppo,4,128,5364,16,2024,41794
Apple,12,128,3674,48,2021,85749
Samsung,8,64,3711,200,2024,59729
Vivo,8,128,4492,108,2025,56071
Motorola,8,128,5436,12,2024,45446
Oppo,16,256,5143,50,2022,68782
Realme,16,128,4975,16,2021,53795
Oppo,6,256,4835,16,2024,53633
Realme,12,128,3776,16,2021,43659
Vivo,12,256,4329,50,2023,63161
Apple,6,128,3698,16,2023,73597
Realme,4,128,5396,32,2024,40426
OnePlus,4,256,5377,16,2022,53231
Vivo,12,512,4145,32,2024,67716
Redmi,8,128,4232,64,2024,45809
Apple,16,128,4293,48,2022,94723
Motorola,8,256,5724,32,2022,52734
Realme,16,256,4721,50,2021,61707
Oppo,8,64,5405,50,2023,47366
OnePlus,12,128,4622,12,2022,59666
Realme,4,128,5246,200,2021,45958
Vivo,8,512,4821,200,2023,77088
OnePlus,12,128,4196,50,2023,64102
OnePlus,12,128,5691,50,2021,66920
Apple,12,512,5273,64,2021,101572
Samsung,4,128,5424,48,2021,39747
Vivo,6,128,5871,32,2024,50848
Motorola,4,128,4122,32,2022,38104
Samsung,4,64,3728,16,2021,32647
Realme,8,64,4956,108,2021,42742
Realme,8,128,4315,32,2025,46209
Redmi,12,256,4589,32,2022,45929
Oppo,12,256,4086,200,2024,72133
Apple,12,64,4496,50,2023,84947
Realme,12,128,4483,50,2021,46443
Oppo,4,128,4376,16,2022,38812
Redmi,6,512,5356,32,2021,55688
Samsung,8,128,4982,64,2024,53459
Motorola,12,256,4686,48,2022,55415
OnePlus,4,128,3781,16,2023,48914
Motorola,8,256,4927,108,2021,52804
Oppo,8,128,3937,48,2025,51985
Realme,4,256,4285,64,2022,40448
Realme,8,128,4537,32,2023,48160
Apple,12,256,3853,50,2025,90748
Redmi,8,128,4474,108,2024,47610
OnePlus,6,256,4167,200,2024,72711
OnePlus,12,256,5625,16,2025,72675
Samsung,6,512,5650,64,2021,65795
Vivo,12,128,3511,200,2025,69610
Apple,6,128,5006,64,2023,78780
Oppo,8,128,5102,16,2023,47606
Oppo,6,128,4445,16,2022,41618
Motorola,6,128,4673,16,2024,42578
Oppo,12,512,5475,12,2025,76447
Redmi,6,512,4445,108,2024,61748
Motorola,4,128,3661,200,2021,45833
OnePlus,6,256,4431,50,2023,62700
Redmi,8,256,4134,50,2024,46695
Motorola,12,512,4457,108,2022,70809
Redmi,16,128,4075,48,2024,53811
Samsung,6,128,3874,48,2024,50047
OnePlus,8,256,5964,50,2021,63742
Realme,4,128,3822,32,2023,35546
Apple,8,128,5265,12,2021,72074
OnePlus,16,512,5294,50,2023,96093
Apple,8,512,5045,108,2022,99595
Oppo,8,256,5779,12,2025,58799
OnePlus,6,256,3512,16,2025,62794
Redmi,12,128,4254,32,2023,45864
Apple,8,128,3960,108,2023,82644
Vivo,4,128,4942,50,2024,43471
Oppo,6,128,5089,50,2024,55987
Motorola,4,128,5745,64,2024,44960
OnePlus,6,256,4449,32,2024,65399
Apple,4,128,4089,64,2025,80538
Realme,8,256,5811,12,2025,53347
Oppo,8,128,5183,12,2021,42052
Oppo,6,128,5412,108,2023,54237
Samsung,8,64,4612,64,2023,45283
Redmi,16,128,4618,16,2023,58959
Realme,12,256,4473,48,2023,57040
Realme,8,128,5374,12,2024,37585
OnePlus,6,128,4026,64,2023,54578
Realme,12,256,5939,108,2022,62773
Realme,6,128,3939,32,2023,37466
OnePlus,6,64,4652,32,2025,56636
Motorola,12,128,4286,16,2022,47334
Redmi,8,128,5106,48,2021,36664
Apple,12,256,5202,32,2025,96934
Oppo,8,128,5797,16,2021,45804
Oppo,8,64,5473,48,2024,49129
Apple,6,64,4121,108,2025,84440
Realme,6,128,4016,108,2022,39568
Apple,6,64,5717,32,2022,73828
Realme,6,256,4720,200,2022,55120
Samsung,12,128,3743,16,2021,46953
Realme,6,256,5563,200,2021,51117
Realme,8,128,5121,32,2021,39861
Realme,12,128,3563,50,2023,54507
Oppo,12,64,5457,16,2023,54584
OnePlus,8,256,5019,108,2021,61444
Oppo,8,256,5037,32,2025,50889
Redmi,16,64,5663,108,2024,63717
Realme,8,128,4739,12,2021,37618
Vivo,12,256,4653,50,2025,67403
OnePlus,12,128,5043,16,2021,58593
Vivo,12,128,3994,200,2023,65577
Vivo,6,128,3879,48,2023,45204
Samsung,8,256,5610,64,2023,58046
Apple,4,256,4039,200,2025,91663
Apple,8,128,4761,50,2025,84815
Samsung,16,512,4175,12,2022,78849
OnePlus,8,128,4076,16,2023,55708
Oppo,8,128,4995,16,2025,54157
Oppo,4,128,5506,200,2024,55214
OnePlus,16,128,4605,200,2025,84097
Realme,4,128,3846,48,2023,40381
Vivo,4,64,4111,200,2022,44285
Samsung,6,128,3911,16,2023,42475
Realme,4,256,5707,64,2025,48546
Vivo,8,64,4299,48,2025,48206
Oppo,8,128,4435,16,2024,48116
Vivo,6,256,3677,32,2024,49182
Vivo,4,256,4615,48,2023,46253
Samsung,4,256,5785,32,2022,48625
Vivo,6,256,4524,16,2023,41682
Realme,4,256,5128,32,2023,46704
Redmi,8,64,3955,16,2025,39914
Vivo,6,128,3857,200,2023,55147
Samsung,6,256,5329,48,2024,52378
Redmi,6,128,3664,12,2021,30468
OnePlus,8,64,4621,50,2024,56181
Motorola,4,128,4292,200,2023,53422
Apple,4,128,3540,32,2025,72995
Redmi,12,128,4828,108,2023,56407
OnePlus,4,128,5910,50,2023,52049
Motorola,8,256,3672,64,2021,47526
Realme,8,512,5540,32,2025,64326
Samsung,6,128,4848,12,2024,50032
Apple,8,512,5309,32,2025,96869
Realme,12,64,3741,200,2021,50552
Samsung,12,512,5673,108,2022,74391
Realme,6,512,3528,108,2025,60923
Redmi,6,64,5767,200,2021,43051
Motorola,6,256,5145,32,2023,44591
Redmi,8,512,4344,32,2023,56711
OnePlus,8,256,3517,200,2025,72109
Oppo,6,512,5028,50,2025,65287
Apple,6,128,3718,32,2025,81328
Vivo,12,64,5022,32,2022,50812
Vivo,4,256,5433,200,2023,58688
Realme,8,256,4168,12,2024,45655
Motorola,8,256,4097,12,2025,49015
Oppo,6,128,4055,64,2021,40025
OnePlus,4,128,4062,12,2025,51735
OnePlus,4,128,3784,16,2022,48476
OnePlus,12,256,4124,200,2021,80312
Realme,4,64,5148,48,2024,37889
Redmi,6,256,4256,64,2024,45490
Apple,4,256,5453,48,2021,77071
Redmi,4,128,5549,12,2021,30070
Samsung,8,128,5403,16,2025,52832
Samsung,6,128,4849,108,2025,60436
Samsung,8,512,4291,12,2021,57061
Realme,8,256,5825,50,2025,54521
Oppo,12,128,4013,32,2025,61599
Oppo,4,128,4661,32,2025,41477
OnePlus,12,128,4634,200,2022,73252
Oppo,8,128,5364,50,2023,49733
Apple,6,512,4867,50,2025,98032
Motorola,12,256,5499,32,2025,59569
Vivo,12,128,5798,48,2024,60055
Motorola,6,256,4476,64,2021,47930
Apple,12,128,5687,12,2021,84751
OnePlus,8,256,3924,16,2022,57300
Oppo,8,128,5791,50,2021,48313
OnePlus,16,256,3945,50,2021,72239
OnePlus,6,512,5626,12,2021,67038
Apple,12,128,4476,108,2024,99168
OnePlus,6,256,5912,50,2023,63277
Apple,12,512,3823,16,2023,98876
Redmi,8,128,4664,108,2025,51117
Oppo,6,64,5755,200,2023,52283
Oppo,8,256,3618,48,2023,51059
Vivo,6,128,4162,32,2022,37990
Redmi,4,64,3708,32,2023,29121
Motorola,4,128,4303,50,2021,38007
Samsung,6,256,4476,12,2023,51670
Redmi,4,128,5047,48,2025,41148
Samsung,6,128,4144,12,2023,41219
Redmi,12,256,3896,12,2022,49001
Motorola,8,128,3925,48,2024,48238
Redmi,12,256,5846,64,2025,60748
Motorola,6,128,5883,200,2023,55039
OnePlus,12,512,4053,12,2022,79213
Oppo,8,256,3988,16,2024,53300
OnePlus,4,64,3635,48,2021,44208
Redmi,4,256,5899,50,2025,51000
Realme,8,128,5266,200,2022,53179
Motorola,6,64,5402,64,2022,43761
Redmi,8,128,4226,50,2024,45547
Realme,16,256,5103,12,2021,54896
Redmi,4,64,3649,12,2022,24188
Oppo,4,128,5190,16,2021,35531
Realme,16,64,4949,64,2022,52996
OnePlus,8,128,4329,32,2023,57018
Oppo,4,128,5276,16,2021,39281
Redmi,12,128,5116,64,2022,53202
Samsung,12,128,4597,108,2024,64736
Samsung,8,64,3966,48,2025,49425
OnePlus,8,256,3558,200,2021,64801
Motorola,6,128,5845,64,2024,48134
Apple,4,256,4203,64,2021,76319
OnePlus,8,64,4254,108,2023,60028
Oppo,6,64,5203,16,2025,50820
Apple,8,128,4138,108,2024,89178
Oppo,12,128,4439,200,2022,67531
Redmi,4,128,5278,200,2022,43022
Realme,8,256,4989,50,2024,50771
Vivo,6,128,5141,108,2025,52544
Vivo,12,128,3511,200,2022,60238
Apple,6,128,4628,108,2021,79063
OnePlus,8,64,4688,200,2023,67554
Realme,8,128,5081,108,2024,47771
Samsung,6,128,3878,48,2023,49079
Realme,8,128,3898,64,2025,47693
OnePlus,12,64,5406,48,2025,63576
Oppo,8,256,5183,108,2024,62276
Oppo,12,512,5528,108,2021,76945
OnePlus,16,64,4176,200,2025,86326
Redmi,8,256,5995,50,2024,51719
Oppo,8,256,4182,48,2022,55173
Apple,4,128,5128,16,2023,72590
Vivo,12,256,3905,64,2025,61120
Samsung,8,256,5797,50,2025,58528
Oppo,8,512,4331,50,2023,69593
Oppo,4,512,5506,64,2021,61719
Samsung,12,64,4328,108,2024,61489
Realme,6,128,5477,16,2024,44785
OnePlus,8,128,4635,48,2021,57864
Realme,4,64,3656,64,2025,38703
Samsung,16,128,3976,108,2022,64356
Apple,6,512,5209,108,2025,107492
OnePlus,6,64,3982,108,2023,56904
Apple,12,128,4188,108,2022,88787
Redmi,12,256,4854,200,2021,61480
Oppo,6,128,4132,50,2021,42650
Apple,8,128,3822,16,2024,74985
Oppo,12,512,5061,50,2022,75031
Samsung,12,128,5222,64,2025,61239
Apple,6,64,5333,12,2022,71996
Vivo,8,64,5860,108,2025,53276
Realme,12,512,3811,50,2025,70145
Apple,12,128,4567,200,2021,93068
Redmi,12,128,4085,16,2024,48354
Motorola,8,64,5753,200,2025,64583
Motorola,4,128,4850,48,2022,41608
Vivo,12,512,3745,50,2021,68394
OnePlus,12,128,5231,64,2025,71573
Redmi,12,512,3607,50,2023,68011
Vivo,4,128,4185,200,2021,49812
Vivo,6,128,5304,16,2025,44511
Redmi,12,256,4765,64,2024,58704
Samsung,4,128,5403,200,2021,47260
Apple,16,128,4928,16,2022,94430
Motorola,6,256,5608,32,2021,50885
OnePlus,8,128,4906,48,2025,63029
OnePlus,12,128,3642,64,2021,56740
OnePlus,6,512,3678,200,2024,85029
Realme,6,128,5443,108,2023,43374
Samsung,8,128,3596,108,2023,51806
Samsung,8,64,4441,48,2025,52818
Redmi,8,128,3540,64,2025,46536
OnePlus,8,128,4258,16,2021,51197
Oppo,12,256,4988,48,2021,58088
OnePlus,8,128,3932,16,2021,52243
OnePlus,6,256,4665,12,2024,59284
Motorola,6,128,5991,108,2023,46683
Apple,6,128,3676,108,2021,75553
Vivo,4,128,3659,50,2022,38347
Vivo,6,256,4178,12,2023,46332
OnePlus,8,128,5568,12,2024,55968
Realme,6,128,4514,12,2022,38194
Redmi,16,256,5099,64,2025,61551
Motorola,6,128,3584,16,2025,41890
Redmi,4,128,5338,32,2024,35807
Vivo,12,256,3668,108,2023,63902
Vivo,12,128,5280,200,2025,71634
Realme,6,64,3869,108,2024,45010
OnePlus,6,128,5646,32,2023,53838
Redmi,6,64,4240,50,2023,37356
Samsung,8,128,3959,16,2025,51658
Redmi,8,256,4342,108,2023,48064
Realme,6,64,3502,12,2021,34274
Samsung,4,256,3912,64,2025,49421
Motorola,8,512,4996,50,2021,62233
Vivo,16,256,4252,108,2024,74383
Apple,8,256,4385,48,2024,88697
Redmi,8,256,5518,16,2023,46431
Vivo,4,512,3809,108,2021,59332
Redmi,6,128,4490,64,2023,36224
Samsung,6,128,3965,48,2025,49653
Oppo,12,128,4707,32,2022,52801
Oppo,12,128,4329,32,2024,55550
Samsung,12,128,3615,48,2025,61164
Redmi,16,256,3675,32,2025,66716
Apple,16,64,5631,32,2023,91858
Oppo,16,512,3642,32,2022,79045
Oppo,4,128,5457,12,2024,43260
Oppo,4,64,5790,200,2023,49883
Motorola,6,64,4664,16,2024,39301
Realme,8,128,4280,16,2024,42101
Redmi,4,128,5441,16,2024,34650
Samsung,12,64,5956,200,2022,67035
Vivo,8,128,3801,48,2024,48958
Motorola,8,128,5911,32,2023,43640
Motorola,6,128,5860,48,2025,44531
Apple,6,128,3856,12,2024,76396
Apple,6,128,3636,32,2025,76166
Samsung,12,128,5288,16,2025,61117
Apple,8,64,3694,108,2025,86283
Vivo,12,64,5002,12,2024,48796
Vivo,6,128,3661,48,2023,39233
Redmi,6,256,5227,108,2021,50657
Redmi,8,512,4079,108,2022,62547
Realme,12,512,3740,50,2023,66052
OnePlus,12,128,3666,16,2024,61794
Realme,6,128,3971,32,2023,36830
Motorola,16,128,4852,16,2023,56332
Redmi,4,256,3691,64,2021,39695
Apple,12,256,5506,32,2024,93827
Motorola,4,256,5010,64,2023,49799
Oppo,6,256,4243,64,2021,47913
Redmi,12,128,5967,200,2022,58252
Vivo,6,256,5147,32,2025,52165
Vivo,8,256,5180,200,2021,54880
Motorola,8,128,3935,48,2023,45471
Redmi,6,512,5277,64,2023,58160
Motorola,8,64,4898,64,2021,43919
Motorola,12,512,5962,108,2021,69177
Apple,12,256,4695,48,2025,100377
Apple,6,64,5195,108,2023,81434
Vivo,8,256,4353,32,2022,53370
Samsung,6,64,3600,48,2021,39058
Redmi,6,256,3819,48,2023,46293
OnePlus,6,256,5668,64,2024,61774
Motorola,16,256,5346,50,2024,71772
Motorola,12,256,4412,12,2021,51400
Apple,12,64,5245,108,2024,87929
Motorola,8,128,3510,108,2025,50125
Samsung,8,128,3592,12,2022,44952
Oppo,8,64,4768,200,2021,52121
Realme,8,128,5063,64,2025,50125
Motorola,8,128,5843,12,2023,41594
Apple,4,128,5399,48,2024,71251
Motorola,4,128,4143,108,2022,44715
Samsung,16,256,5538,32,2022,71677
Vivo,8,128,4729,200,2022,54180
OnePlus,16,256,5565,48,2022,78570
Redmi,6,128,3934,16,2023,38480
Samsung,8,128,3565,32,2021,45546
Realme,6,128,3644,50,2025,42847
Redmi,6,128,5978,64,2023,45095
Oppo,4,128,3701,200,2025,53635
OnePlus,4,128,5849,16,2023,51281
Redmi,12,128,5318,200,2022,59842
Motorola,6,128,3865,50,2023,41526
Samsung,8,128,5661,16,2021,45547
Oppo,8,128,3860,200,2025,63082
Oppo,8,256,3858,32,2024,55183
OnePlus,8,128,4939,50,2021,53197
Redmi,6,512,4221,64,2023,59006
Samsung,16,256,4227,12,2023,65410
Motorola,12,512,3987,16,2022,65745
Motorola,12,256,5019,64,2021,57140
Apple,8,64,3567,32,2024,77916
Samsung,6,128,4112,12,2022,36820
Samsung,12,128,4884,12,2023,58103
Samsung,6,256,4716,108,2022,53812
Realme,4,128,5250,16,2024,40155
Motorola,6,128,4040,12,2021,35015
Apple,12,512,5120,50,2022,104248
Oppo,8,64,5400,12,2023,50354
Apple,12,128,4470,64,2023,88202
Redmi,12,256,4142,50,2024,60080
Vivo,6,64,4888,64,2021,39340
Oppo,12,128,4947,48,2023,58529
Realme,8,256,3735,108,2024,54407
Samsung,8,64,4913,64,2022,49799
Apple,4,128,3885,48,2021,67184
Redmi,16,128,4922,12,2025,56273
Redmi,6,256,5830,32,2024,45859
Motorola,4,64,4843,16,2024,36864
Realme,8,512,5404,12,2024,60984
Redmi,4,256,4274,32,2024,43297
Motorola,6,128,5807,16,2024,47802
OnePlus,8,128,5532,12,2023,55208
Vivo,6,128,5792,32,2021,39403
OnePlus,12,256,5354,50,2023,69410
Apple,6,128,5124,16,2022,78992
Motorola,12,128,4813,32,2024,55731
Samsung,8,64,5821,12,2023,48401
Apple,8,512,5621,12,2025,97311
Apple,8,128,4542,16,2023,78440
Redmi,8,256,3714,48,2023,48474
Apple,16,128,3509,64,2025,97622
Samsung,6,512,4083,108,2023,70564
Oppo,6,64,3656,64,2022,46974
Motorola,8,64,4028,50,2022,39004
Samsung,12,512,3773,200,2025,85694
Redmi,4,512,5953,32,2024,53365
Vivo,8,128,3738,108,2021,51092
Motorola,12,128,5067,200,2023,67916
Oppo,12,128,4379,50,2022,54640
Realme,16,128,3935,108,2024,63264
Vivo,8,128,5253,16,2021,40868
OnePlus,8,256,5927,200,2024,81186
Apple,6,128,5477,50,2024,79476
Realme,16,256,5939,16,2022,61248
Realme,6,64,4976,12,2021,33256
Samsung,12,64,5184,64,2024,58416
Oppo,8,256,3866,48,2022,52042
Samsung,8,128,5631,32,2025,54823
Oppo,8,256,5370,48,2024,60473
Realme,8,64,4135,200,2025,58549
Apple,12,512,4387,48,2023,106394
OnePlus,8,256,5027,12,2025,68259
Samsung,8,256,3532,32,2021,49708
Vivo,6,64,5545,16,2022,36898
Motorola,8,128,4201,64,2021,45326
Samsung,8,128,3687,108,2024,55829
OnePlus,4,128,4326,108,2023,51802
Motorola,4,128,5590,64,2022,39555
Redmi,8,64,4185,108,2022,41460
Apple,8,128,4848,48,2024,81666
OnePlus,8,128,5530,64,2021,61389
Vivo,4,128,3584,12,2023,37726
Oppo,6,128,5400,50,2024,52743
Redmi,6,128,4222,50,2022,37602
Motorola,12,256,5239,12,2022,56572
Vivo,12,128,3970,50,2022,50024
Redmi,6,128,3847,64,2023,39190
Motorola,8,128,5471,32,2022,45189
Motorola,4,256,5520,50,2022,41632
OnePlus,6,128,5954,32,2023,54732
Samsung,4,128,5193,32,2021,38931
Vivo,6,512,4665,16,2023,60341
Vivo,8,128,3987,32,2021,43284
Apple,12,256,4238,108,2021,92334
Oppo,6,256,5120,200,2022,62722
Realme,8,64,4365,64,2022,39402
Samsung,8,128,4709,50,2021,40299
Oppo,16,256,3920,50,2025,71438
Apple,8,512,4598,48,2022,98944
Oppo,6,128,4095,48,2025,44808
OnePlus,8,64,3780,50,2025,58682
Samsung,6,128,3830,108,2025,57778
Motorola,16,64,4796,48,2025,60282
Apple,6,256,4416,50,2021,79199
Vivo,8,128,3749,48,2022,41433
Apple,4,256,4786,32,2024,84357
Motorola,8,256,3910,32,2023,50167
Oppo,12,256,3538,12,2021,55134
Realme,8,256,3831,48,2023,51762
OnePlus,8,256,4621,64,2025,70935
OnePlus,12,256,5886,64,2025,76190
Oppo,12,256,4104,200,2022,69208
Realme,6,64,4212,12,2022,33625
Realme,8,128,4106,108,2022,43869
Samsung,8,128,4388,108,2022,47559
Oppo,8,256,5294,48,2022,54638
Samsung,6,256,4305,32,2022,45867
Redmi,6,128,5144,32,2023,42907
Realme,12,128,5746,64,2021,50651
Redmi,12,128,5866,108,2022,52006
Realme,12,256,4907,64,2022,54764
OnePlus,16,128,5283,50,2021,66011
Apple,12,64,5798,64,2025,88858
Redmi,12,256,5467,12,2024,58851
Vivo,12,256,4250,50,2025,69524
Realme,8,128,3830,12,2023,41911
Vivo,8,128,3787,200,2021,53360
Motorola,6,512,5706,200,2025,75269
Realme,8,256,4891,50,2023,47715
Realme,6,256,4241,32,2024,51221
Vivo,6,128,4364,64,2022,42664
Redmi,8,128,4204,64,2023,48585
OnePlus,8,64,5505,64,2023,61851
Samsung,6,256,5031,50,2022,47565
Redmi,12,64,5699,16,2023,44834
Motorola,12,64,4254,12,2024,48178
OnePlus,6,256,4681,32,2021,56132
Samsung,4,512,3804,50,2021,56045
Oppo,6,256,5929,48,2025,65014
Motorola,12,128,4780,50,2023,51687
Realme,12,128,4883,32,2025,54447
Redmi,4,128,4534,200,2024,49452
OnePlus,12,128,4177,32,2024,66012
Vivo,4,128,5871,108,2025,50552
Apple,6,128,4722,48,2024,76541
Redmi,16,128,5187,48,2022,56517
Apple,6,256,3593,50,2023,82838
Motorola,6,512,4190,32,2022,57734
Oppo,8,64,5510,16,2022,45641
Realme,8,128,3719,48,2024,47780
Realme,12,128,3753,108,2021,52642
Motorola,16,128,5525,16,2024,62296
Samsung,4,128,4272,48,2023,40149
Motorola,4,128,4184,64,2022,36766
Samsung,12,256,4913,64,2021,61170
OnePlus,6,128,3987,48,2024,56681
Vivo,12,256,3607,12,2025,59125
Redmi,8,64,3511,12,2024,35197
Apple,4,64,3698,48,2023,66367
Apple,12,128,3896,108,2024,88786
Realme,6,64,5240,12,2023,35143
Redmi,8,128,4245,200,2022,47403
Redmi,8,512,3679,64,2022,55487
Motorola,8,128,3536,12,2022,39869
Apple,8,128,4693,32,2025,80050
Motorola,8,128,5601,16,2024,48781
Motorola,16,128,4347,200,2021,69681
Vivo,16,128,3659,50,2025,63125
Apple,8,128,4070,32,2021,74162
Apple,4,256,4748,32,2023,79776
Redmi,12,64,3972,50,2021,40903
Vivo,16,128,5947,12,2022,57914
Apple,6,256,5409,32,2024,87815
OnePlus,8,256,4361,16,2025,67742
Samsung,8,128,5879,50,2025,57932
Vivo,4,128,4312,64,2025,47172
Samsung,8,64,3850,48,2022,40022
Oppo,6,128,5846,16,2021,45584
Samsung,12,64,5900,32,2025,60500
Apple,12,256,4281,108,2025,103578
Apple,12,128,4987,16,2022,85478
Realme,8,256,3933,16,2021,42812
Samsung,6,64,5104,12,2024,43638
OnePlus,12,256,5225,108,2021,74185
Vivo,12,256,5275,12,2021,54843
Vivo,8,64,4922,50,2025,51283
Oppo,12,64,5261,200,2023,61755
Realme,4,64,4888,64,2021,30288
OnePlus,12,256,5550,48,2024,80067
Realme,4,128,3949,16,2022,29988
Redmi,6,128,4709,12,2023,36217
Motorola,8,128,4541,16,2025,45835
Vivo,4,256,4833,200,2022,56359
Oppo,4,128,3855,16,2024,39172
Motorola,4,128,4309,12,2025,39749
Realme,8,512,5886,108,2023,69301
Realme,12,128,3763,48,2025,51568
Vivo,4,256,5088,32,2023,47914
Samsung,8,64,5162,64,2023,51909
OnePlus,12,128,4686,50,2025,72476
Apple,6,256,3584,200,2024,94197
Motorola,4,256,3585,48,2025,55511
Apple,12,256,4189,64,2024,98670
Apple,12,128,3756,200,2024,99956
Apple,8,128,3735,48,2022,75483
Oppo,12,128,3900,32,2022,52757
Vivo,4,128,3977,200,2025,57441
Motorola,6,128,5597,16,2024,48499
OnePlus,12,128,5097,12,2022,66091
Redmi,6,128,3576,50,2022,37937
Samsung,12,128,5071,200,2024,67977
Samsung,8,128,3841,12,2021,44729
Redmi,12,64,4553,108,2021,44516
Motorola,8,256,3595,108,2024,53304
Vivo,6,256,3725,200,2022,58055
Motorola,6,64,3831,48,2024,42244
Samsung,6,256,4583,32,2023,54043
Samsung,12,256,4658,50,2025,68800
Realme,4,128,4382,16,2023,35332
Samsung,4,128,5051,108,2025,49585
Samsung,6,64,5301,64,2025,49799
OnePlus,6,64,5322,48,2022,47805
Motorola,12,256,4948,50,2025,58984
Oppo,6,512,4864,64,2024,68618
Samsung,16,64,4729,50,2021,57141
Realme,4,256,4095,108,2021,44354
Realme,8,64,4717,200,2022,52676
Realme,8,128,3525,200,2021,47649
Motorola,6,256,5916,50,2022,50720
Apple,12,128,4425,64,2025,90775
Motorola,16,64,5391,32,2023,53742
Redmi,12,128,5892,12,2021,46096
Realme,6,512,4742,48,2023,56486
Vivo,6,128,5655,108,2022,47052
Realme,8,128,4698,16,2025,50215
Oppo,6,64,3830,50,2021,34860
Oppo,12,128,3566,16,2024,55936
Vivo,8,128,3839,48,2023,44141
Realme,8,256,5857,16,2021,47846
Oppo,12,256,4688,64,2024,66528
Apple,8,256,4298,108,2023,91225
Realme,4,256,4615,108,2024,45990
Vivo,4,128,4140,64,2024,40886
Redmi,8,128,5677,16,2024,46264
Vivo,8,128,5999,50,2023,54435
Motorola,6,128,3712,12,2021,36919
Realme,8,512,5297,32,2021,55132
Realme,12,256,4339,50,2023,57326
OnePlus,12,512,3618,64,2022,87166
Realme,8,128,5806,12,2024,45115
OnePlus,6,128,3654,108,2023,61606
Oppo,6,128,4014,48,2025,47040
Oppo,8,64,3563,200,2021,52269
Apple,6,128,4678,50,2022,77176
Redmi,8,128,4999,50,2024,46302
Samsung,8,64,4302,64,2021,43047
Apple,4,512,3678,108,2022,89843
OnePlus,4,64,3790,16,2024,49506
OnePlus,6,128,5834,50,2023,60140
Apple,12,256,5515,12,2024,98163
OnePlus,8,64,5843,48,2023,62264
Vivo,6,256,4827,108,2025,58407
Apple,12,256,4865,108,2025,101150
Redmi,8,64,5465,32,2025,47045
Redmi,8,256,5042,48,2021,47376
Vivo,12,256,4591,50,2023,58400
Redmi,4,256,4230,48,2021,34591
Oppo,6,256,4714,16,2022,49291
Redmi,8,256,3659,32,2022,43755
OnePlus,6,128,3981,48,2024,55975
OnePlus,8,128,5344,50,2023,62707
Apple,6,256,5671,200,2025,100674
Oppo,4,512,3754,50,2022,60246
Apple,6,128,3742,48,2024,72854
Redmi,8,256,3713,64,2024,50753
Realme,6,128,5479,108,2025,51025
Motorola,4,256,4278,48,2022,39231
Oppo,12,512,4317,48,2024,73988
Motorola,6,128,3531,16,2021,33625
Realme,6,128,5932,108,2023,46422
OnePlus,4,128,4585,108,2023,59817
Realme,6,128,5494,16,2025,47927
Redmi,6,128,5269,32,2024,38818
OnePlus,8,64,3854,32,2025,58567
Vivo,6,128,5504,200,2025,61163
Motorola,12,128,4876,12,2023,52833
Realme,12,128,5011,16,2024,52144
OnePlus,4,256,4000,32,2021,52469
Oppo,4,256,5618,50,2023,54216
Apple,4,256,5830,16,2021,78091
Realme,8,256,4516,50,2024,48694
Vivo,4,256,3731,64,2025,51736
Vivo,12,128,5622,108,2024,64734
Realme,12,256,5719,12,2025,60276
Oppo,12,64,4766,16,2022,53128
Samsung,8,128,4948,12,2025,52842
Redmi,16,128,4057,200,2023,67497
Apple,4,256,3668,64,2024,81155
Oppo,8,256,5861,50,2024,54316
Samsung,6,64,4707,108,2024,50250
Apple,16,128,4187,50,2022,91220
Vivo,8,128,5233,16,2024,45313
Oppo,12,256,3565,50,2024,66703
Vivo,6,256,3699,64,2025,54559
Realme,16,128,4106,12,2023,54834
Motorola,8,128,4627,50,2023,45538
Apple,8,128,4417,48,2023,81236
Motorola,16,128,3968,12,2021,56581
Vivo,6,256,4378,32,2021,42810
Oppo,6,256,4335,48,2021,47920
Samsung,8,128,4812,32,2024,53938
Vivo,4,128,4907,32,2023,35070
Oppo,6,64,5708,64,2025,49528
Vivo,6,64,5517,48,2024,43392
Samsung,4,128,4231,48,2021,39082
Vivo,12,128,5757,108,2021,56051
Motorola,8,512,4802,12,2022,60377
Oppo,6,128,3969,32,2025,52513
Apple,8,128,4350,12,2021,73465
Motorola,8,64,5355,200,2021,52792
Motorola,8,128,5555,16,2021,47349
Apple,12,256,4435,108,2023,96307
Realme,12,128,3894,16,2025,55808
OnePlus,6,256,3979,32,2024,60692
Vivo,6,256,3758,50,2023,53262
OnePlus,8,64,5247,108,2021,59336
Realme,8,256,4757,16,2022,46493
Motorola,8,512,4628,16,2023,61688
Realme,8,128,5180,200,2022,51920
Motorola,8,64,5572,32,2024,46217
Motorola,6,512,5489,16,2025,65387
Samsung,6,256,3842,64,2022,51080
Redmi,6,128,4974,12,2022,34619
Oppo,4,128,5707,108,2021,44204
Vivo,6,128,5435,200,2024,60344
Samsung,12,256,4323,108,2023,70577
Samsung,6,128,4482,32,2022,42405
Vivo,6,64,5726,12,2022,36988
Vivo,8,256,3582,48,2021,49351
Apple,12,512,4814,32,2023,108270
Apple,6,256,3790,200,2024,97020
Apple,12,128,5737,64,2022,85866
Vivo,12,64,3596,200,2021,56964
Samsung,8,512,3558,108,2023,68360
Vivo,8,512,4322,64,2024,66884
OnePlus,4,128,4000,12,2022,50361
OnePlus,16,256,4739,12,2022,71262
Oppo,6,128,4249,12,2021,35476
Vivo,12,128,4391,50,2024,54525
Oppo,8,64,4912,16,2025,49436
Realme,4,64,4902,200,2024,48135
Motorola,4,128,5838,16,2023,40281
Realme,8,256,4702,200,2024,65062
Vivo,8,64,4911,64,2022,40269
OnePlus,4,128,5195,12,2021,49313
Apple,12,128,3935,12,2022,81872
Vivo,12,128,5168,48,2024,59451
Apple,8,128,5655,32,2024,79724
Motorola,8,128,4295,32,2025,48805
Realme,4,128,3946,50,2025,39920
Samsung,12,256,4365,16,2022,62227
Realme,6,256,4187,16,2021,35507
Samsung,12,128,4963,64,2022,57911
Oppo,6,256,5660,200,2025,65047
Samsung,8,256,4991,32,2025,60860
OnePlus,6,256,3813,200,2021,68733
Oppo,6,256,4287,32,2021,49958
Oppo,12,256,5223,32,2023,61207
OnePlus,8,256,4326,12,2024,65717
Motorola,8,256,4966,48,2025,60081
Realme,16,64,5235,48,2024,53934
Apple,16,512,4323,64,2022,112885
Oppo,12,128,5119,16,2021,54305
Oppo,6,256,4495,16,2024,50686
Redmi,8,128,3837,48,2023,38599
Oppo,12,64,4430,12,2025,57272
Motorola,6,128,4603,16,2023,37936
Realme,4,128,3505,64,2023,35602
Realme,12,128,5732,200,2022,61408
Oppo,8,128,4820,50,2021,48429
Redmi,8,128,3590,16,2025,41048
Realme,16,128,5670,200,2025,72304
Redmi,8,128,5638,50,2021,41114
Vivo,8,512,3530,64,2024,68881
Redmi,6,128,3908,16,2022,39811
Redmi,8,128,4409,50,2023,38855
Apple,4,128,4768,12,2025,75690
Motorola,12,128,5315,64,2025,57046
Apple,12,128,4561,16,2021,84619
Samsung,6,256,5029,200,2022,60067
Motorola,6,512,3525,12,2025,58231
Vivo,12,128,5147,64,2025,59037
OnePlus,4,256,5789,16,2021,53083
Oppo,8,64,4816,64,2025,52742
OnePlus,8,128,4637,48,2023,60035
Apple,8,128,4243,200,2023,90860
Oppo,6,64,5886,64,2021,39414
Apple,8,256,3583,32,2024,87504
Vivo,6,256,4217,12,2024,48503
Motorola,8,256,3846,50,2024,56243
Motorola,4,128,5666,48,2024,41200
Redmi,8,256,4706,12,2025,45763
Realme,8,128,5806,50,2025,49234
Vivo,6,64,5163,16,2024,44934
OnePlus,4,64,4892,16,2025,50890
Apple,6,256,4794,12,2024,82002
OnePlus,6,512,4006,32,2024,70063
Oppo,4,64,4905,16,2023,42302
Motorola,16,128,5213,12,2024,58795
Samsung,8,256,5914,48,2021,53088
Oppo,12,256,4872,16,2023,62323
Realme,16,128,5848,16,2023,53162
Motorola,4,256,5862,48,2025,54009
OnePlus,8,256,4806,12,2021,60279
Samsung,12,256,4598,200,2024,78415
Redmi,8,64,3856,48,2021,36569
Realme,8,512,4171,200,2025,74244
Motorola,8,64,5698,200,2025,57119
Oppo,4,256,3845,200,2022,55687
Samsung,8,64,4493,50,2025,49031
Samsung,16,128,5247,48,2023,67356
OnePlus,16,64,4101,64,2025,76278
Vivo,4,128,5936,12,2024,45546
Samsung,8,128,5124,108,2021,53085
Oppo,6,128,3570,32,2022,44016
Vivo,12,128,4118,12,2023,50984
Samsung,4,128,5351,16,2022,39461
Samsung,12,256,5658,16,2021,60661
OnePlus,12,256,5818,12,2025,73671
Oppo,4,256,5628,64,2025,55265
Realme,4,64,3687,12,2023,27148
OnePlus,12,128,5324,108,2022,67252
Redmi,6,256,3775,48,2021,41681
Motorola,8,64,3691,64,2025,49463
OnePlus,12,128,5230,32,2022,61531
Redmi,8,512,4695,16,2021,56029
OnePlus,6,512,5120,16,2022,67858
Samsung,8,128,5629,64,2023,53475
Redmi,4,256,3672,64,2024,46400
Vivo,16,128,4819,32,2022,61597
Motorola,6,256,5586,32,2025,54879
Oppo,6,64,4601,200,2024,60503
Realme,6,64,4809,108,2025,43644
Vivo,16,256,4745,48,2022,63883
Samsung,4,128,5768,16,2024,43077
OnePlus,12,256,3624,32,2022,66710
Motorola,8,128,5695,50,2024,44466
Samsung,12,256,5541,50,2024,66563
Motorola,16,256,5532,16,2022,62927
Oppo,12,128,4531,12,2025,59906
Redmi,16,256,4790,48,2025,67696
Realme,4,128,4422,108,2025,42601
Realme,12,128,4129,16,2022,47698
Samsung,8,128,5689,48,2024,56012
Samsung,8,256,4765,16,2021,49016
Oppo,12,256,5309,16,2021,56721
Motorola,16,256,3752,50,2025,63835
Samsung,8,256,5473,32,2021,50393
Oppo,8,512,5147,32,2025,68494
Apple,8,128,5995,200,2023,93688
Oppo,6,512,3835,16,2022,55899
Vivo,6,128,4850,16,2021,37421
Samsung,6,128,4778,200,2024,56814
Oppo,4,128,4846,50,2024,45307
Motorola,4,128,3636,12,2023,36668
Realme,12,128,4683,48,2025,55700
Samsung,8,128,4249,50,2022,48614
Apple,12,64,5044,32,2023,80783
Apple,8,128,4080,50,2022,76780
OnePlus,4,256,4588,64,2023,57414
Apple,6,256,5050,32,2021,77877
Realme,6,128,3660,108,2023,43147
Realme,16,128,5467,48,2023,63034
Realme,6,128,5290,200,2023,53875
Apple,8,128,3643,12,2023,74346
Samsung,12,256,3661,32,2024,64698
Motorola,16,128,5626,64,2023,65430
Redmi,6,256,4208,200,2022,51167
Oppo,4,256,5652,16,2022,47990
Motorola,6,128,4748,200,2024,55431
Samsung,4,256,4356,16,2025,46799
Samsung,6,128,4184,48,2024,49484
Samsung,8,256,5148,32,2024,58574
Apple,12,256,3774,48,2025,95522
Samsung,8,256,4506,200,2025,70535
Realme,8,256,4364,64,2023,48498
Vivo,6,256,3885,108,2021,50983
Motorola,12,512,4382,32,2024,71494
Realme,8,128,4822,200,2024,56959
Motorola,12,256,5194,48,2022,59714
Apple,16,256,3715,64,2025,101436
Redmi,6,128,5681,64,2025,43276
Realme,4,512,5697,64,2022,49291
Apple,6,128,5230,50,2023,79667
Samsung,8,128,5811,48,2021,45956
Oppo,16,64,4570,64,2021,59096
Realme,6,128,5554,200,2022,51368
Motorola,12,256,5318,48,2022,60513
Motorola,8,128,4906,50,2022,42559
Samsung,6,128,3948,16,2021,40189
Realme,6,128,4894,32,2023,43667
Realme,8,128,5754,108,2024,55787
Oppo,8,256,5962,64,2022,59361
Realme,8,256,4620,16,2023,48164
Realme,6,64,4120,50,2022,32397
OnePlus,12,128,5369,108,2024,74920
Samsung,6,128,3689,12,2024,44688
OnePlus,12,256,3877,12,2025,73127
Apple,6,128,4905,48,2021,72445
Samsung,4,128,5976,64,2025,49922
Samsung,8,128,4322,32,2022,47843
Oppo,8,128,4608,108,2021,50998
Vivo,8,128,4306,108,2024,54563
Vivo,8,128,4601,50,2021,42864
Oppo,16,256,3517,48,2021,61347
Vivo,8,256,4987,12,2025,59252
Oppo,8,128,4991,108,2022,58980
Samsung,8,256,4289,200,2023,67822
Realme,4,256,4160,48,2022,36560
OnePlus,8,128,5404,50,2021,54583
Apple,6,128,3969,108,2021,78096
Realme,8,128,3617,64,2021,43168
Oppo,4,256,3601,16,2023,41559
Samsung,16,128,5705,64,2023,67637
Apple,8,256,4411,200,2021,93776
Samsung,12,128,3754,108,2022,61262
Redmi,8,128,5698,48,2022,41758
Samsung,4,512,3871,50,2023,55987
Oppo,12,128,4342,32,2025,60616
Vivo,8,256,3551,64,2024,57688
Motorola,12,512,5198,16,2025,73301
Oppo,8,256,5248,32,2021,52795
Vivo,8,128,5392,32,2022,44852
Vivo,12,256,4157,32,2024,58631
Samsung,8,64,4320,32,2022,47116
Samsung,6,128,5846,12,2025,51088
Vivo,8,256,5554,64,2023,57307
Samsung,8,256,3592,48,2022,56973
Samsung,16,128,5230,200,2025,77718
Apple,6,128,5532,16,2023,74948
Motorola,8,256,4898,64,2025,58092
OnePlus,12,256,5100,16,2023,68829
Oppo,8,128,3502,50,2021,46621
OnePlus,12,256,3575,48,2024,71524
Apple,8,128,3587,48,2021,73169
Redmi,6,128,3897,64,2024,41200
Samsung,12,256,5978,108,2023,70423
Realme,4,512,5086,32,2024,57596
Apple,6,128,5456,108,2025,87237
OnePlus,8,128,4239,16,2023,57141
Motorola,12,64,5844,32,2025,56237
Vivo,12,256,3997,32,2021,54635
OnePlus,6,128,5756,200,2021,62153
Vivo,4,128,3577,12,2025,40838
Realme,16,512,3551,48,2023,73044
Redmi,6,64,3697,48,2023,39160
Oppo,6,128,5480,108,2021,51445
Realme,6,128,4144,48,2022,39268
Vivo,8,256,4628,200,2024,66958
OnePlus,12,128,4678,64,2025,70587
Apple,12,128,5474,64,2025,90848
Apple,8,128,4372,108,2023,84088
Motorola,6,256,3516,16,2023,45318
Vivo,6,256,4466,48,2021,46703
Redmi,8,64,4220,50,2021,37034
OnePlus,4,128,5327,16,2023,52724
Vivo,6,256,5379,12,2023,46848
Vivo,6,64,3729,16,2021,32436
Oppo,4,128,5483,108,2023,51722
Redmi,8,128,3676,64,2024,46231
Oppo,8,128,5049,32,2025,51947
OnePlus,4,128,4473,64,2025,55831
Motorola,8,128,4253,64,2022,45313
Apple,12,128,4708,108,2022,90611
Apple,12,128,4276,200,2025,102906
OnePlus,12,256,5485,200,2024,91835
Vivo,8,128,5917,16,2022,46180
Oppo,12,64,5540,108,2024,63156
OnePlus,6,256,4598,48,2021,53111
Motorola,6,128,4758,48,2023,42195
OnePlus,6,256,4618,64,2022,63349
Apple,8,128,5484,50,2025,86842
Samsung,6,256,4881,48,2021,38779
Motorola,6,128,4670,200,2025,59200
Apple,12,128,4524,16,2022,88611
Motorola,6,128,4437,12,2021,31816
Redmi,6,64,4882,12,2024,39791
Samsung,4,128,5223,108,2024,43575
Redmi,8,256,4581,48,2021,47246
Vivo,6,256,5517,48,2021,47684
OnePlus,6,64,5567,64,2021,45386
Realme,6,256,4573,48,2023,47005
Vivo,12,256,5773,50,2021,61907
OnePlus,12,256,3932,12,2024,70918
Oppo,8,256,5831,16,2021,52999
Motorola,8,256,4235,200,2024,63393
OnePlus,12,128,4911,48,2025,65383
Apple,16,256,4209,16,2024,101633
OnePlus,8,256,4605,32,2025,71392
Realme,12,64,4350,32,2025,53019
Apple,12,128,5263,32,2021,79275
Motorola,12,64,3703,32,2022,43037
Vivo,8,512,5596,64,2024,67349
Vivo,4,128,5760,12,2022,34008
Redmi,4,256,4908,32,2024,42582
Motorola,8,256,4868,48,2024,55716
Samsung,8,512,5250,50,2025,69189
Redmi,8,128,3997,200,2022,52648
OnePlus,8,256,5375,200,2022,76035
OnePlus,8,256,4046,32,2021,57609
OnePlus,12,64,5191,50,2022,61885
Apple,4,256,4264,12,2022,69631
Apple,6,128,5366,50,2023,77628
Samsung,12,256,5478,16,2023,62825
Vivo,12,128,4021,12,2025,55603
Redmi,16,128,5044,64,2024,61703
Vivo,12,64,4746,16,2024,52480
Vivo,12,64,4235,48,2021,47282
Oppo,6,64,4971,12,2023,42042
Vivo,8,256,5982,64,2024,61028
Oppo,6,128,3506,108,2022,46690
Vivo,8,128,5893,50,2023,50643
Oppo,12,256,5640,108,2024,69825
Vivo,6,256,4823,48,2024,50448
Redmi,8,128,5025,16,2025,46075
Apple,6,512,4423,16,2023,90556
Realme,6,128,3822,16,2022,35928
Redmi,6,256,4929,16,2022,41454
Vivo,4,64,5541,32,2024,39022
Apple,16,256,4078,16,2023,97087
OnePlus,8,512,5293,50,2023,75959
Vivo,12,256,5370,16,2021,51930
Oppo,8,128,5396,50,2023,52061
Vivo,6,256,4350,32,2022,47214
Redmi,6,128,4480,64,2023,42234
Motorola,12,256,4540,50,2025,62051
Vivo,6,256,5636,200,2024,68662
Realme,12,512,5752,48,2023,69029
Oppo,4,128,4535,32,2025,42765
Vivo,8,64,5925,50,2025,48133
Motorola,12,128,4926,64,2023,51244
Apple,6,64,4463,48,2024,79716
Motorola,6,128,3501,50,2022,43289
Realme,16,128,5028,48,2025,63914
Vivo,6,256,5112,32,2022,45538
Oppo,8,128,5921,32,2022,53360
Vivo,8,128,5296,200,2021,54975
Redmi,6,64,3574,64,2025,38798
Realme,12,256,4918,12,2022,56480
Apple,12,256,5357,200,2025,110753
Redmi,6,64,4741,64,2021,39524
Vivo,12,64,4573,12,2023,50151
Realme,6,128,5525,64,2023,41685
OnePlus,4,128,5029,50,2023,50824
OnePlus,8,128,5204,200,2021,62099
Samsung,16,128,4660,48,2021,60964
Samsung,4,512,4195,50,2022,61444
Samsung,6,128,4798,32,2023,47844
Samsung,8,256,5898,32,2024,59208
Realme,12,64,5007,50,2023,46353
Realme,4,512,5268,108,2022,57819
Realme,6,512,3810,200,2022,67637
Samsung,12,256,5970,108,2024,72862
Samsung,6,128,4112,50,2023,46995
Redmi,6,128,5929,50,2025,42911
Vivo,6,256,4614,32,2023,50999
Redmi,8,256,5798,108,2023,46697
OnePlus,8,128,5730,32,2021,56702
Apple,12,128,5389,32,2021,90859
Oppo,8,128,5791,108,2025,55586
Redmi,8,256,5024,50,2022,46903
Samsung,16,256,5622,32,2023,71323
Oppo,8,256,3930,108,2023,57569
Motorola,8,256,3675,200,2021,60773
Samsung,12,128,4858,32,2023,58418
OnePlus,6,128,5525,50,2022,55278
Realme,12,64,5414,48,2021,47704
Oppo,12,256,4820,64,2023,64222
Realme,4,128,4802,200,2023,55463
OnePlus,8,128,5025,50,2021,56326
Redmi,6,128,5671,108,2023,45465
Oppo,6,128,5605,50,2024,45341
Apple,8,128,3774,200,2022,87012
Apple,6,128,4989,48,2025,84222
Vivo,12,64,4452,48,2024,50329
Oppo,12,256,5499,48,2024,60485
Samsung,12,128,4765,200,2021,65338
Vivo,6,128,5979,50,2024,51605
Redmi,6,128,4581,16,2022,35207
Vivo,6,256,5198,12,2024,49267
Motorola,4,128,3771,50,2025,37420
Samsung,16,256,5831,108,2022,76307
Motorola,8,512,3883,48,2022,62828
OnePlus,6,256,4446,50,2021,52785
Realme,12,128,5594,108,2024,61297
OnePlus,6,256,5919,50,2024,66763
Redmi,4,128,4711,200,2023,49207
Realme,6,128,4712,64,2021,39317
Oppo,8,128,3621,64,2022,49256
Apple,12,128,5948,108,2023,95494
Oppo,6,64,3541,64,2025,48593
Realme,12,128,3565,12,2021,38751
OnePlus,12,64,4684,48,2022,57663
Motorola,12,128,3509,16,2024,50053
Oppo,6,128,3911,50,2022,43152
Redmi,4,512,5069,16,2025,55884
Samsung,12,64,5263,50,2025,60636
Oppo,6,256,4245,32,2022,51270
Apple,8,128,5489,12,2024,84255
Realme,12,64,5019,12,2024,45818
Vivo,4,128,4070,50,2024,42311
OnePlus,12,64,5281,12,2021,55872
Apple,12,128,4981,108,2021,88671
Oppo,12,128,5531,108,2022,61571
Apple,8,128,3886,64,2021,68697
OnePlus,12,128,4077,16,2022,67174
Realme,8,64,4259,108,2024,47795
Motorola,12,128,4353,64,2023,53230
Motorola,12,64,5722,48,2022,55791
Motorola,12,128,5332,12,2021,48079
Vivo,6,128,4860,50,2022,43231
Apple,4,128,4851,108,2023,76929
Realme,6,128,5715,12,2024,45252
Realme,8,64,4617,12,2022,36333
Motorola,8,512,4063,48,2022,61818
Oppo,8,64,3842,50,2023,48902
Apple,6,64,4325,48,2021,71740
Vivo,12,64,5133,48,2022,50954
OnePlus,12,512,4677,32,2021,81421
Realme,6,256,4554,12,2023,49687
OnePlus,12,256,4700,12,2023,70154
Redmi,8,512,5938,12,2023,59829
Samsung,8,64,5995,64,2024,53329
Realme,6,512,3903,108,2022,62081
Realme,12,128,3786,48,2025,51851
Samsung,16,256,4111,12,2025,70581
OnePlus,12,128,5630,48,2021,60071
OnePlus,12,128,4649,200,2025,77324
OnePlus,16,512,5660,16,2021,84905
Motorola,6,64,5117,48,2022,39126
Apple,8,512,4883,50,2023,103037
Redmi,8,128,4204,32,2021,38796
Apple,16,256,4360,48,2022,96490
Apple,4,512,3869,48,2021,84334
Motorola,8,64,4798,48,2023,47624
Motorola,12,512,4201,64,2025,78188
Samsung,6,128,4231,50,2025,50427
Oppo,12,256,3598,12,2022,55801
Apple,6,64,5498,12,2023,75929
Apple,16,128,5849,48,2023,94560
Redmi,12,256,4746,200,2023,67569
Apple,6,128,4840,12,2024,82492
OnePlus,12,128,5815,12,2025,69386
Motorola,6,128,4779,64,2023,42619
Vivo,8,256,5057,48,2021,51641
Oppo,8,64,4570,16,2025,47030
OnePlus,12,256,4786,16,2025,69884
Samsung,4,512,4805,64,2022,62230
Samsung,6,64,5278,50,2023,48242
Redmi,8,128,5011,64,2025,47329
Apple,8,256,4760,32,2023,84707
Realme,8,64,3689,50,2023,37260
Realme,4,128,5762,108,2025,45738
Realme,6,256,5721,32,2025,48686
Oppo,12,128,3961,48,2023,53484
Vivo,4,128,4233,16,2021,38910
Oppo,6,256,5934,64,2023,56217
OnePlus,16,128,4302,12,2024,73434
Oppo,4,128,5531,16,2022,42135
Realme,12,128,5465,64,2023,55315
Realme,6,256,5652,12,2024,45755
Vivo,12,256,3540,200,2021,66861
Samsung,12,128,4707,48,2023,57458
Oppo,12,128,4914,48,2024,60337
Redmi,6,64,5593,50,2022,36974
Oppo,8,128,4061,64,2023,49125
Vivo,12,64,4267,48,2024,50067
Motorola,6,512,3949,200,2021,66879
Redmi,6,128,5405,200,2024,52307
Motorola,4,256,5998,16,2022,38661
Realme,16,128,3851,64,2022,57636
Redmi,8,128,4083,32,2024,45088
OnePlus,8,128,4267,200,2021,71631
Vivo,12,128,5723,32,2021,50957
Realme,8,256,4614,32,2023,47084
Oppo,8,512,4205,64,2025,68404
Realme,8,256,4306,108,2021,50211
Redmi,8,128,4995,16,2024,43428
Vivo,6,256,4467,50,2021,44242
OnePlus,12,64,3851,32,2023,60409
Motorola,12,256,5551,50,2023,56350
Redmi,6,128,4556,50,2023,41560
Vivo,8,128,4141,200,2021,52195
Samsung,4,128,5321,200,2024,57005
Realme,16,64,5363,64,2022,52188
OnePlus,12,128,3887,64,2024,66365
Redmi,12,256,3684,200,2024,66097
Vivo,6,256,3613,16,2023,46181
OnePlus,6,512,5415,64,2022,74192
Realme,6,64,5064,108,2024,47584
Vivo,4,128,5480,16,2025,45082
Vivo,4,128,5066,200,2025,57914
Samsung,4,128,4504,64,2025,51761
Samsung,16,128,4974,32,2022,64235
OnePlus,4,128,5306,48,2023,52537
Motorola,4,128,4497,48,2022,40138
Motorola,12,128,5788,200,2025,72675
Oppo,8,128,5749,200,2025,67355
Oppo,12,256,5502,108,2025,68246
OnePlus,8,64,5981,64,2021,53378
Apple,12,512,4476,12,2022,100057
Samsung,8,128,3785,200,2024,63937
Redmi,8,256,4711,16,2024,48203
Redmi,8,256,5365,16,2022,48480
Apple,8,256,5449,12,2021,84972
Redmi,6,256,4471,200,2021,54774
Samsung,8,256,4231,48,2024,60790
Vivo,6,256,4614,16,2023,45119
Motorola,12,128,5510,12,2023,54022
Oppo,6,64,3651,48,2025,43948
OnePlus,6,256,4320,64,2021,53907
OnePlus,6,64,4074,200,2024,63222
Redmi,12,128,5515,50,2022,52994
Apple,6,64,4674,50,2025,79293
Vivo,8,128,3717,108,2025,59290
Vivo,12,128,4154,200,2023,65384
Samsung,4,256,3611,32,2022,51046
OnePlus,12,256,4689,200,2022,81147
Redmi,6,256,5995,50,2021,43619
Apple,6,128,4918,200,2025,88689
Oppo,8,128,5674,12,2021,48037
Vivo,12,128,5357,12,2023,52330
Oppo,6,128,5708,200,2023,56854
Oppo,8,256,4277,64,2024,61169
Motorola,6,128,5879,16,2025,49344
Realme,8,512,4096,200,2023,73764
Vivo,8,64,4596,12,2024,43259
